search_query,category_id,min_price
engine,33615,300
transmission,171115,300
alternator,177697,30
engine computer,33596,15
headlight,33710,30
door mirror,262160,30
wheel,179679,50
steering wheel,33704,30
brake caliper,33563,30
front strut,33590,45
power steering pump,33588,30
compressor,33543,30
abs pump,262085,30
body control module,33596,20
front door panel,33696,50
rear door panel,33696,50
rear carrier,262245,75
cluster,33675,30
steering rack,33589,50